C689493,FR0087,6.57,50000,22062021 10291600,PT. BANK DANAMON INDONESIA  TBK,PT. BANK DANAMON INDONESIA  TBK,CR-IB-PT. BANK DANAMON INDONESIA  TBK-00,BDINDEPO,null,OR,50000,50905650000,1158150000
C689499,FR0087,6.57,50000,22062021 10292700,BRI DANAREKSA SEKURITAS,PT BANK CIMB NIAGA TBK,CR-SC-CUSTODIAN SERVICES BANKNIAGA - INVESTOR-Danareksa Seku,BNIAINVT-DEPO,null,OR,50000,50905650000,1158150000
C689629,FR0087,6.57,250000,22062021 10352200,PT BANK CIMB NIAGA TBK,PT BANK CIMB NIAGA TBK,CR-IB-PT BANK CIMB NIAGA TBK-00,BNIADEPO,null,OR,250000,254528250000,5790750000
C689656,FR0087,6.57,30000,22062021 10363200,PT. BANK DANAMON INDONESIA  TBK,PT. BANK DANAMON INDONESIA  TBK,CR-IB-PT. BANK DANAMON INDONESIA  TBK-00,BDINDEPO,null,OR,30000,30543390000,694890000
C689669,FR0087,6.57,50000,22062021 10371000,PT. BANK DANAMON INDONESIA  TBK,PT. BANK DANAMON INDONESIA  TBK,CR-IB-PT. BANK DANAMON INDONESIA  TBK-00,BDINDEPO,null,OR,50000,50905650000,1158150000
C689733,FR0087,6.57,150000,22062021 10425400,PT. BANK RAKYAT INDONESIA (PERSE,PT. BANK RAKYAT INDONESIA (PERSE,CR-IB-PT. BANK RAKYAT INDONESIA (PERSERO)  TBK-00,BRINDEPO,null,OR,150000,152716950000,3474450000
C689054,FR0087,6.58,5000,22062021 09365600,PT. MANDIRI SEKURITAS,PT. BANK MANDIRI (PERSERO)  TBK,CR-SC-BANK MANDIRI SUB REGISTRY - INVESTOR-Mandiri Sekuritas,BMRIINVT-DEPO,null,OR,5000,5087045000,115815000
C689096,FR0087,6.58,11000,22062021 09464700,PT. BANK MANDIRI (PERSERO)  TBK,PT. BANK MANDIRI (PERSERO)  TBK,CR-IB-PT. BANK MANDIRI (PERSERO)  TBK-00,BMRIDEPO,null,OR,11000,11191499000,254793000
C689169,FR0087,6.58,10000,22062021 10033600,PT. BANK RAKYAT INDONESIA (PERSE,PT. BANK RAKYAT INDONESIA (PERSE,CR-PF-KUSTODIAN PT. BRI(PERSERO) TBK - INVESTOR-DPLK BRI,BRININVT-DEPO,null,OR,10000,10174090000,231630000
C689221,FR0087,6.58,1000,22062021 10081900,PT. BANK CENTRAL ASIA  TBK,PT. BANK CENTRAL ASIA  TBK,CR-IS-PT. BANK CENTRAL ASIA TBK-ARTARINDO,CENADEPO,null,OR,1000,1017409000,23163000
C689774,FR0087,6.59,50000,22062021 10491900,STANDCHART BANK,STANDCHART BANK,CR-IB-STANDCHART BANK-00,SCBLDEPO,null,OR,50000,50835300000,1158150000
C689784,FR0087,6.59,50000,22062021 10502900,PT. BANK PERMATA  TBK,PT. BANK PERMATA  TBK,CR-IB-PT. BANK PERMATA  TBK-00,BBBADEPO,null,OR,50000,50835300000,1158150000
C689816,FR0087,6.59,250000,22062021 10564300,PT. BANK RAKYAT INDONESIA (PERSE,PT. BANK RAKYAT INDONESIA (PERSE,CR-IS-KUSTODIAN PT. BRI(PERSERO) TBK - INVESTOR-bpjs TK JP,BRININVT-DEPO,null,OR,250000,254176500000,5790750000
C689824,FR0087,6.59,100000,22062021 10583600,PT. BANK RAKYAT INDONESIA (PERSE,PT. BANK RAKYAT INDONESIA (PERSE,CR-IB-KUSTODIAN PT. BRI(PERSERO) TBK - INVESTOR-ASABRI,BRININVT-DEPO,null,OR,100000,101670600000,2316300000
C689019,FR0087,6.6,100000,22062021 09134900,PT. BANK RAKYAT INDONESIA (PERSE,PT. BANK MANDIRI (PERSERO)  TBK,CR-IS-BANK MANDIRI SUB REGISTRY - INVESTOR-ASKRINDO,BMRIINVT-DEPO,null,OR,52548,53388925644,1217169324
C689025,FR0087,6.6,25000,22062021 09180400,PT. BANK RAKYAT INDONESIA (PERSE,PT. BANK RAKYAT INDONESIA (PERSE,CR-IB-PT. BANK RAKYAT INDONESIA (PERSERO)  TBK-BPD SUMSEL BA,BRINDEPO,null,OR,13137,13347231411,304292331
C689026,FR0087,6.6,20000,22062021 09183300,PT. BANK RAKYAT INDONESIA (PERSE,PT. BANK RAKYAT INDONESIA (PERSE,CR-IB-PT. BANK RAKYAT INDONESIA (PERSERO)  TBK-BPD SULSELBAR,BRINDEPO,null,OR,10510,10678191530,243443130
C689040,FR0087,6.6,10000,22062021 09315800,PT. MANDIRI SEKURITAS,PT. BANK MANDIRI (PERSERO)  TBK,CR-SC-BANK MANDIRI SUB REGISTRY - INVESTOR-Mandiri Sekuritas,BMRIINVT-DEPO,null,OR,5255,5339095765,121721565
C689057,FR0087,6.6,10000,22062021 09381300,PT. BANK NEGARA INDONESIA (PERSE,PT. BANK NEGARA INDONESIA (PERSE,CR-IB-PT. BANK NEGARA INDONESIA (PERSERO)  TBK-00,BNINDEPO,null,OR,5255,5339095765,121721565
C689768,FR0087,6.59,250000,22062021 10483600,PT. MANDIRI SEKURITAS,PT. BANK MANDIRI (PERSERO)  TBK,CR-IS-BANK MANDIRI SUB REGISTRY - INVESTOR-BPJS TK,BMRIINVT-DEPO,null,OR,250000,254176500000,5790750000
C689773,FR0087,6.59,40000,22062021 10491200,PT. BANK CENTRAL ASIA  TBK,PT. BANK CENTRAL ASIA  TBK,CR-SC-PT. BANK CENTRAL ASIA TBK-LOTUS SEKU,CENADEPO,null,OR,40000,40668240000,926520000
C689067,FR0087,6.6,40000,22062021 09410400,PT. BANK PERMATA  TBK,PT. BANK PERMATA  TBK,CR-IB-PT. BANK PERMATA  TBK-00,BBBADEPO,null,OR,21019,21355367057,486863097
C689072,FR0087,6.6,50000,22062021 09420200,PT. BANK PERMATA  TBK,PT. BANK PERMATA  TBK,CR-IB-PT. BANK PERMATA  TBK-00,BBBADEPO,null,OR,26274,26694462822,608584662
C689086,FR0087,6.6,10000,22062021 09443500,PT. TRIMEGAH SEKURITAS INDONESIA,PT. BANK MANDIRI (PERSERO)  TBK,CR-SC-BANK MANDIRI SUB REGISTRY - INVESTOR-Trimegah,BMRIINVT-DEPO,null,OR,5255,5339095765,121721565
C689136,FR0087,6.6,903000,22062021 09562200,PT. BANK RAKYAT INDONESIA (PERSE,PT. BANK RAKYAT INDONESIA (PERSE,CR-IB-PT. BANK RAKYAT INDONESIA (PERSERO)  TBK-BOA,BRINDEPO,null,OR,474507,482100535521,10991005641
C689153,FR0087,6.6,50000,22062021 09590200,PT. BAHANA SEKURITAS,PT BANK CIMB NIAGA TBK,CR-SC-CUSTODIAN SERVICES BANKNIAGA - INVESTOR-Bahana K,BNIAINVT-DEPO,null,OR,26274,26694462822,608584662
C689188,FR0087,6.6,35000,22062021 10055400,PT. BANK RAKYAT INDONESIA (PERSE,PT. BANK RAKYAT INDONESIA (PERSE,CR-PF-KUSTODIAN PT. BRI(PERSERO) TBK - INVESTOR-DPLK BRI,BRININVT-DEPO,null,OR,18392,18686327176,426013896
C689198,FR0087,6.6,10000,22062021 10064800,PT. PAN INDONESIA BANK,PT. PAN INDONESIA BANK,CR-IB-PT. PAN INDONESIA BANK-00,PINBDEPO,null,OR,5255,5339095765,121721565
C689206,FR0087,6.6,50000,22062021 10072000,PT. BANK PERMATA  TBK,PT. BANK PERMATA  TBK,CR-IB-PT. BANK PERMATA  TBK-00,BBBADEPO,null,OR,26274,26694462822,608584662
C689229,FR0087,6.6,50000,22062021 10091200,PT. BANK MAYBANK INDONESIA  TBK,PT. BANK MAYBANK INDONESIA  TBK,CR-IB-PT. BANK MAYBANK INDONESIA  TBK-00,IBBKDEPO,null,OR,26274,26694462822,608584662
C689233,FR0087,6.6,50000,22062021 10094500,PT. BANK MAYBANK INDONESIA  TBK,PT. BANK MAYBANK INDONESIA  TBK,CR-IB-PT. BANK MAYBANK INDONESIA  TBK-00,IBBKDEPO,null,OR,26274,26694462822,608584662
C689241,FR0087,6.6,100000,22062021 10103500,PT. BANK MAYBANK INDONESIA  TBK,PT. BANK MAYBANK INDONESIA  TBK,CR-IB-PT. BANK MAYBANK INDONESIA  TBK-00,IBBKDEPO,null,OR,52548,53388925644,1217169324
C689245,FR0087,6.6,100000,22062021 10105200,PT. BANK NEGARA INDONESIA (PERSE,PT. BANK NEGARA INDONESIA (PERSE,CR-IB-PT. BANK NEGARA INDONESIA (PERSERO)  TBK-00,BNINDEPO,null,OR,52548,53388925644,1217169324
C689258,FR0087,6.6,10000,22062021 10120300,PT. BANK MANDIRI (PERSERO)  TBK,PT. BANK MANDIRI (PERSERO)  TBK,CR-IB-PT. BANK MANDIRI (PERSERO)  TBK-00,BMRIDEPO,null,OR,5255,5339095765,121721565
C689269,FR0087,6.6,50000,22062021 10124100,PT. MANDIRI SEKURITAS,PT. BANK MANDIRI (PERSERO)  TBK,CR-SC-BANK MANDIRI SUB REGISTRY - INVESTOR-Mandiri Sekuritas,BMRIINVT-DEPO,null,OR,26274,26694462822,608584662
C689284,FR0087,6.6,10000,22062021 10132200,PT. BANK MANDIRI (PERSERO)  TBK,PT. BANK MANDIRI (PERSERO)  TBK,CR-IB-PT. BANK MANDIRI (PERSERO)  TBK-00,BMRIDEPO,null,OR,5255,5339095765,121721565
C689315,FR0087,6.6,50000,22062021 10163300,PT. BANK CENTRAL ASIA  TBK,PT. BANK CENTRAL ASIA  TBK,CR-IB-PT. BANK CENTRAL ASIA TBK-CAPITAL,CENADEPO,null,OR,26274,26694462822,608584662
C689325,FR0087,6.6,10000,22062021 10172200,PT. BANK RAKYAT INDONESIA (PERSE,PT. BANK RAKYAT INDONESIA (PERSE,CR-IB-PT. BANK RAKYAT INDONESIA (PERSERO)  TBK-BANK DKI,BRINDEPO,null,OR,5255,5339095765,121721565
C689342,FR0087,6.6,70000,22062021 10181100,PT. BANK MANDIRI (PERSERO)  TBK,PT. BANK MANDIRI (PERSERO)  TBK,CR-IB-PT. BANK MANDIRI (PERSERO)  TBK-00,BMRIDEPO,null,OR,36784,37372654352,852027792
C689346,FR0087,6.6,5000,22062021 10183800,PT. BANK PERMATA  TBK,PT. BANK PERMATA  TBK,CR-IB-PT. BANK PERMATA  TBK-00,BBBADEPO,null,OR,2627,2669039881,60849201
C689352,FR0087,6.6,30000,22062021 10190100,PT BANK OCBC NISP  TBK,PT BANK OCBC NISP  TBK,CR-IB-PT BANK OCBC NISP  TBK-00,NISPDEPO,null,OR,15764,16016271292,365141532
C689354,FR0087,6.6,50000,22062021 10191800,PT. BANK MANDIRI (PERSERO)  TBK,PT. BANK MANDIRI (PERSERO)  TBK,CR-IB-PT. BANK MANDIRI (PERSERO)  TBK-00,BMRIDEPO,null,OR,26274,26694462822,608584662
C689384,FR0087,6.6,10000,22062021 10220100,PT. MANDIRI SEKURITAS,PT. BANK MANDIRI (PERSERO)  TBK,CR-SC-BANK MANDIRI SUB REGISTRY - INVESTOR-Mandiri Sekuritas,BMRIINVT-DEPO,null,OR,5255,5339095765,121721565
C689391,FR0087,6.6,1000,22062021 10224400,PT. PAN INDONESIA BANK,PT. PAN INDONESIA BANK,CR-IB-PT. PAN INDONESIA BANK-00,PINBDEPO,null,OR,525,533401575,12160575
C689397,FR0087,6.6,50000,22062021 10233100,PT BANK OCBC NISP  TBK,PT BANK OCBC NISP  TBK,CR-IB-PT BANK OCBC NISP  TBK-00,NISPDEPO,null,OR,26274,26694462822,608584662
C689398,FR0087,6.6,100000,22062021 10233800,CITIBANK  N.A.,CITIBANK  N.A.,CR-IB-CITIBANK  N.A.-00,CITIDEPO,null,OR,52548,53388925644,1217169324
C689409,FR0087,6.6,600000,22062021 10241800,KC JPMORGAN CHASE BANK  N.A.,KC JPMORGAN CHASE BANK  N.A.,CR-IB-KC JPMORGAN CHASE BANK N.A.-00,CHASDEPO,null,OR,315287,320332537861,7302992781
C689411,FR0087,6.6,100000,22062021 10243700,PT. BANK NEGARA INDONESIA (PERSE,PT. BANK NEGARA INDONESIA (PERSE,CR-IB-PT. BANK NEGARA INDONESIA (PERSERO)  TBK-00,BNINDEPO,null,OR,52548,53388925644,1217169324
C689420,FR0087,6.6,50000,22062021 10251300,PT. BANK RAKYAT INDONESIA (PERSE,PT. BANK RAKYAT INDONESIA (PERSE,CR-IB-PT. BANK RAKYAT INDONESIA (PERSERO)  TBK-00,BRINDEPO,null,OR,26274,26694462822,608584662
C689452,FR0087,6.6,50000,22062021 10271400,PT. BANK CENTRAL ASIA  TBK,PT. BANK CENTRAL ASIA  TBK,CR-IB-PT. BANK CENTRAL ASIA TBK-BMAS,CENADEPO,null,OR,26274,26694462822,608584662
C689503,FR0087,6.6,10000,22062021 10293600,PT. TRIMEGAH SEKURITAS INDONESIA,PT. BANK MANDIRI (PERSERO)  TBK,CR-SC-BANK MANDIRI SUB REGISTRY - INVESTOR-trimegah,BMRIINVT-DEPO,null,OR,5255,5339095765,121721565
C689339,FR0087,6.5,5000,22062021 10180700,PT. MANDIRI SEKURITAS,PT. BANK MANDIRI (PERSERO)  TBK,CR-SC-BANK MANDIRI SUB REGISTRY - INVESTOR-Mandiri Sekuritas,BMRIINVT-DEPO,null,OR,5000,5115280000,115815000
C689164,FR0087,6.55,2000,22062021 10021600,PT. BANK MANDIRI (PERSERO)  TBK,PT. BANK MANDIRI (PERSERO)  TBK,CR-IS-BANK MANDIRI SUB REGISTRY - INVESTOR-JAMKRIDA JATIM,BMRIINVT-DEPO,null,OR,2000,2039044000,46326000
C689417,FR0087,6.55,3000,22062021 10250300,PT. BANK CENTRAL ASIA  TBK,PT. BANK CENTRAL ASIA  TBK,CR-PF-PT. BANK CENTRAL ASIA TBK-DP INDOMOBIL,CENADEPO,null,OR,3000,3058566000,69489000
C689425,FR0087,6.55,50000,22062021 10254200,PT. BANK CENTRAL ASIA  TBK,PT. BANK CENTRAL ASIA  TBK,CR-IB-PT. BANK CENTRAL ASIA TBK-BMAS,CENADEPO,null,OR,50000,50976100000,1158150000
C689509,FR0087,6.55,34500,22062021 10295400,PT. BANK NEGARA INDONESIA (PERSE,PT. BANK NEGARA INDONESIA (PERSE,CR-IB-PT. BANK NEGARA INDONESIA (PERSERO)  TBK-00,BNINDEPO,null,OR,34500,35173509000,799123500
C689670,FR0087,6.56,20000,22062021 10371000,PT. BANK MAYBANK INDONESIA  TBK,PT. BANK MAYBANK INDONESIA  TBK,CR-IB-PT. BANK MAYBANK INDONESIA  TBK-00,IBBKDEPO,null,OR,20000,20376340000,463260000
C689440,FR0087,6.57,50000,22062021 10263800,PT. BANK CENTRAL ASIA  TBK,PT. BANK CENTRAL ASIA  TBK,CR-IB-PT. BANK CENTRAL ASIA TBK-BMAS,CENADEPO,null,OR,50000,50905650000,1158150000
C689474,FR0087,6.57,20000,22062021 10282700,PT. BANK DANAMON INDONESIA  TBK,PT. BANK DANAMON INDONESIA  TBK,CR-IB-PT. BANK DANAMON INDONESIA  TBK-00,BDINDEPO,null,OR,20000,20362260000,463260000
C689482,FR0087,6.57,20000,22062021 10284400,STANDCHART BANK,STANDCHART BANK,CR-IB-STANDCHART BANK-00,SCBLDEPO,null,OR,20000,20362260000,463260000
C689234,FR0087,6.58,100000,22062021 10095100,PT. BANK NEGARA INDONESIA (PERSE,PT. BANK NEGARA INDONESIA (PERSE,CR-IB-PT. BANK NEGARA INDONESIA (PERSERO)  TBK-00,BNINDEPO,null,OR,100000,101740900000,2316300000
C689317,FR0087,6.58,25000,22062021 10164500,PT. BANK MANDIRI (PERSERO)  TBK,PT. BANK MANDIRI (PERSERO)  TBK,CR-IB-PT. BANK MANDIRI (PERSERO)  TBK-00,BMRIDEPO,null,OR,25000,25435225000,579075000
C689395,FR0087,6.58,100000,22062021 10230700,KC JPMORGAN CHASE BANK  N.A.,KC JPMORGAN CHASE BANK  N.A.,CR-IB-KC JPMORGAN CHASE BANK N.A.-00,CHASDEPO,null,OR,100000,101740900000,2316300000
C689439,FR0087,6.58,30000,22062021 10262900,PT. BANK RAKYAT INDONESIA (PERSE,PT. BANK RAKYAT INDONESIA (PERSE,CR-IB-PT. BANK RAKYAT INDONESIA (PERSERO)  TBK-00,BRINDEPO,null,OR,30000,30522270000,694890000
C689457,FR0087,6.58,50000,22062021 10273900,PT. BANK DANAMON INDONESIA  TBK,PT. BANK DANAMON INDONESIA  TBK,CR-IB-PT. BANK DANAMON INDONESIA  TBK-00,BDINDEPO,null,OR,50000,50870450000,1158150000
C689466,FR0087,6.58,50000,22062021 10280000,PT. BANK DANAMON INDONESIA  TBK,PT. BANK DANAMON INDONESIA  TBK,CR-IB-PT. BANK DANAMON INDONESIA  TBK-00,BDINDEPO,null,OR,50000,50870450000,1158150000
C689476,FR0087,6.58,10000,22062021 10283100,PT. BANK ANZ INDONESIA,PT. BANK ANZ INDONESIA,CR-IB-PT. BANK ANZ INDONESIA-00,ANZBDEPO,null,OR,10000,10174090000,231630000
C689496,FR0087,6.58,40000,22062021 10292500,STANDCHART BANK,STANDCHART BANK,CR-IB-STANDCHART BANK-00,SCBLDEPO,null,OR,40000,40696360000,926520000
C689631,FR0087,6.58,30000,22062021 10353200,PT. BANK CENTRAL ASIA  TBK,PT. BANK CENTRAL ASIA  TBK,CR-SC-PT. BANK CENTRAL ASIA TBK-PACIFIC SEKU,CENADEPO,null,OR,30000,30522270000,694890000
C689635,FR0087,6.58,260000,22062021 10354200,PT BANK CIMB NIAGA TBK,PT BANK CIMB NIAGA TBK,CR-IB-PT BANK CIMB NIAGA TBK-00,BNIADEPO,null,OR,260000,264526340000,6022380000
C689673,FR0087,6.58,20000,22062021 10372800,PT. BANK MAYBANK INDONESIA  TBK,PT. BANK MAYBANK INDONESIA  TBK,CR-IB-PT. BANK MAYBANK INDONESIA  TBK-00,IBBKDEPO,null,OR,20000,20348180000,463260000
C689686,FR0087,6.58,2000,22062021 10383800,PT. BANK MAYBANK INDONESIA  TBK,PT. BANK MAYBANK INDONESIA  TBK,CR-IB-PT. BANK MAYBANK INDONESIA  TBK-00,IBBKDEPO,null,OR,2000,2034818000,46326000
C689693,FR0087,6.58,250000,22062021 10385700,BRI DANAREKSA SEKURITAS,PT. BANK MANDIRI (PERSERO)  TBK,CR-IS-BANK MANDIRI SUB REGISTRY - INVESTOR-BPJS TK - JHT,BMRIINVT-DEPO,null,OR,250000,254352250000,5790750000
C689714,FR0087,6.58,400000,22062021 10403400,DEUTSCHE BANK  A.G.,DEUTSCHE BANK  A.G.,CR-IB-DEUTSCHE BANK  A.G.-00,DEUTDEPO,null,OR,400000,406963600000,9265200000
C689736,FR0087,6.58,200000,22062021 10432000,PT. BANK RAKYAT INDONESIA (PERSE,PT. BANK RAKYAT INDONESIA (PERSE,CR-IB-PT. BANK RAKYAT INDONESIA (PERSERO)  TBK-00,BRINDEPO,null,OR,200000,203481800000,4632600000
C689763,FR0087,6.58,250000,22062021 10480700,PT. MANDIRI SEKURITAS,PT. BANK MANDIRI (PERSERO)  TBK,CR-IS-BANK MANDIRI SUB REGISTRY - INVESTOR-BPJS TK,BMRIINVT-DEPO,null,OR,250000,254352250000,5790750000
C689783,FR0087,6.58,39700,22062021 10500600,PT. BANK MANDIRI (PERSERO)  TBK,PT. BANK MANDIRI (PERSERO)  TBK,CR-IB-PT. BANK MANDIRI (PERSERO)  TBK-00,BMRIDEPO,null,OR,39700,40391137300,919571100
C689809,FR0087,6.58,15000,22062021 10533500,PT BANK OCBC NISP  TBK,PT BANK OCBC NISP  TBK,CR-IB-PT BANK OCBC NISP  TBK-00,NISPDEPO,null,OR,15000,15261135000,347445000
C689814,FR0087,6.58,250000,22062021 10555400,PT. BANK RAKYAT INDONESIA (PERSE,PT. BANK RAKYAT INDONESIA (PERSE,CR-IS-KUSTODIAN PT. BRI(PERSERO) TBK - INVESTOR-BPJS TK JP,BRININVT-DEPO,null,OR,250000,254352250000,5790750000
C689056,FR0087,6.59,10000,22062021 09374500,PT. BANK NEGARA INDONESIA (PERSE,PT. BANK NEGARA INDONESIA (PERSE,CR-IB-PT. BANK NEGARA INDONESIA (PERSERO)  TBK-00,BNINDEPO,null,OR,10000,10167060000,231630000
C689130,FR0087,6.59,25000,22062021 09551300,PT. TRIMEGAH SEKURITAS INDONESIA,PT. BANK MANDIRI (PERSERO)  TBK,CR-SC-BANK MANDIRI SUB REGISTRY - INVESTOR-Trimegah,BMRIINVT-DEPO,null,OR,25000,25417650000,579075000
C689161,FR0087,6.59,50000,22062021 10010500,BRI DANAREKSA SEKURITAS,PT BANK CIMB NIAGA TBK,CR-SC-CUSTODIAN SERVICES BANKNIAGA - INVESTOR-Danareksa Seku,BNIAINVT-DEPO,null,OR,50000,50835300000,1158150000
C689174,FR0087,6.59,25000,22062021 10042600,PT. BANK RAKYAT INDONESIA (PERSE,PT. BANK RAKYAT INDONESIA (PERSE,CR-PF-KUSTODIAN PT. BRI(PERSERO) TBK - INVESTOR-DPLK BRI,BRININVT-DEPO,null,OR,25000,25417650000,579075000
C689239,FR0087,6.59,100000,22062021 10102800,PT. BANK NEGARA INDONESIA (PERSE,PT. BANK NEGARA INDONESIA (PERSE,CR-IB-PT. BANK NEGARA INDONESIA (PERSERO)  TBK-00,BNINDEPO,null,OR,100000,101670600000,2316300000
C689306,FR0087,6.59,100000,22062021 10161100,PT. BANK CENTRAL ASIA  TBK,PT. BANK CENTRAL ASIA  TBK,CR-IB-PT. BANK CENTRAL ASIA TBK-CAPITAL,CENADEPO,null,OR,100000,101670600000,2316300000
C689312,FR0087,6.59,10000,22062021 10162700,PT. BANK RAKYAT INDONESIA (PERSE,PT. BANK RAKYAT INDONESIA (PERSE,CR-IB-PT. BANK RAKYAT INDONESIA (PERSERO)  TBK-BANK DKI,BRINDEPO,null,OR,10000,10167060000,231630000
C689326,FR0087,6.59,25000,22062021 10172200,PT. BANK MANDIRI (PERSERO)  TBK,PT. BANK MANDIRI (PERSERO)  TBK,CR-IB-PT. BANK MANDIRI (PERSERO)  TBK-00,BMRIDEPO,null,OR,25000,25417650000,579075000
C689400,FR0087,6.59,200000,22062021 10234800,KC JPMORGAN CHASE BANK  N.A.,KC JPMORGAN CHASE BANK  N.A.,CR-IB-KC JPMORGAN CHASE BANK N.A.-00,CHASDEPO,null,OR,200000,203341200000,4632600000
C689443,FR0087,6.59,50000,22062021 10265600,PT. BANK CENTRAL ASIA  TBK,PT. BANK CENTRAL ASIA  TBK,CR-IB-PT. BANK CENTRAL ASIA TBK-BMAS,CENADEPO,null,OR,50000,50835300000,1158150000
C689449,FR0087,6.59,50000,22062021 10271000,PT. BANK DANAMON INDONESIA  TBK,PT. BANK DANAMON INDONESIA  TBK,CR-IB-PT. BANK DANAMON INDONESIA  TBK-00,BDINDEPO,null,OR,50000,50835300000,1158150000
C689462,FR0087,6.59,30000,22062021 10275100,PT. BAHANA SEKURITAS,PT BANK CIMB NIAGA TBK,CR-SC-CUSTODIAN SERVICES BANKNIAGA - INVESTOR-Bahana C,BNIAINVT-DEPO,null,OR,30000,30501180000,694890000
C689484,FR0087,6.59,5000,22062021 10285200,PT. BANK ANZ INDONESIA,PT. BANK ANZ INDONESIA,CR-IB-PT. BANK ANZ INDONESIA-00,ANZBDEPO,null,OR,5000,5083530000,115815000
C689505,FR0087,6.59,250000,22062021 10294100,STANDCHART BANK,STANDCHART BANK,CR-IB-STANDCHART BANK-00,SCBLDEPO,null,OR,250000,254176500000,5790750000
C689600,FR0087,6.59,30000,22062021 10342000,PT. BANK RAKYAT INDONESIA (PERSE,PT. BANK RAKYAT INDONESIA (PERSE,CR-SC-PT. BANK RAKYAT INDONESIA (PERSERO)  TBK-DANAREKSA SEK,BRINDEPO,null,OR,30000,30501180000,694890000
C689639,FR0087,6.59,30000,22062021 10355300,PT. BANK CENTRAL ASIA  TBK,PT. BANK CENTRAL ASIA  TBK,CR-SC-PT. BANK CENTRAL ASIA TBK-PACIFIC SEKU,CENADEPO,null,OR,30000,30501180000,694890000
C689644,FR0087,6.59,255000,22062021 10355800,PT BANK CIMB NIAGA TBK,PT BANK CIMB NIAGA TBK,CR-IB-PT BANK CIMB NIAGA TBK-00,BNIADEPO,null,OR,255000,259260030000,5906565000
C689658,FR0087,6.59,400000,22062021 10363700,DEUTSCHE BANK  A.G.,DEUTSCHE BANK  A.G.,CR-IB-DEUTSCHE BANK  A.G.-00,DEUTDEPO,null,OR,400000,406682400000,9265200000
C689679,FR0087,6.59,400000,22062021 10374600,DEUTSCHE BANK  A.G.,DEUTSCHE BANK  A.G.,CR-IB-DEUTSCHE BANK  A.G.-00,DEUTDEPO,null,OR,400000,406682400000,9265200000
C689701,FR0087,6.59,250000,22062021 10393400,BRI DANAREKSA SEKURITAS,PT. BANK MANDIRI (PERSERO)  TBK,CR-IS-BANK MANDIRI SUB REGISTRY - INVESTOR-BPJS TK - JHT,BMRIINVT-DEPO,null,OR,250000,254176500000,5790750000
C689740,FR0087,6.59,250000,22062021 10434500,PT. BANK RAKYAT INDONESIA (PERSE,PT. BANK RAKYAT INDONESIA (PERSE,CR-IB-PT. BANK RAKYAT INDONESIA (PERSERO)  TBK-00,BRINDEPO,null,OR,250000,254176500000,5790750000
C689760,FR0087,6.59,104200,22062021 10473900,PT. BANK PERMATA  TBK,PT. BANK PERMATA  TBK,CR-IB-PT. BANK PERMATA  TBK-00,BBBADEPO,null,OR,104200,105940765200,2413584600
C689524,FR0087,6.6,1000,22062021 10305600,PT. BANK CENTRAL ASIA  TBK,PT. BANK CENTRAL ASIA  TBK,CR-IS-PT. BANK CENTRAL ASIA TBK-ARAKSA,CENADEPO,null,OR,525,533401575,12160575
C689538,FR0087,6.6,50000,22062021 10315200,PT BANK OCBC NISP  TBK,PT BANK OCBC NISP  TBK,CR-IB-PT BANK OCBC NISP  TBK-00,NISPDEPO,null,OR,26274,26694462822,608584662
C689599,FR0087,6.6,25000,22062021 10341900,PT. TRIMEGAH SEKURITAS INDONESIA,PT. BANK MANDIRI (PERSERO)  TBK,CR-SC-BANK MANDIRI SUB REGISTRY - INVESTOR-trimegah,BMRIINVT-DEPO,null,OR,13137,13347231411,304292331
C689614,FR0087,6.6,60000,22062021 10345000,PT. BANK RAKYAT INDONESIA (PERSE,PT. BANK RAKYAT INDONESIA (PERSE,CR-SC-PT. BANK RAKYAT INDONESIA (PERSERO)  TBK-DANAREKSA SEK,BRINDEPO,null,OR,31529,32033558587,730306227
C689645,FR0087,6.6,30000,22062021 10360900,PT. BANK CENTRAL ASIA  TBK,PT. BANK CENTRAL ASIA  TBK,CR-SC-PT. BANK CENTRAL ASIA TBK-PACIFIC SEKU,CENADEPO,null,OR,15764,16016271292,365141532
C689649,FR0087,6.6,20000,22062021 10361300,PT BANK CIMB NIAGA TBK,PT BANK CIMB NIAGA TBK,CR-IB-PT BANK CIMB NIAGA TBK-00,BNIADEPO,null,OR,10510,10678191530,243443130
C689511,FR0087,6.6,280000,22062021 10300500,STANDCHART BANK,STANDCHART BANK,CR-IB-STANDCHART BANK-00,SCBLDEPO,null,OR,147134,149488585402,3408064842
C689675,FR0087,6.6,20000,22062021 10373700,CITIBANK  N.A.,CITIBANK  N.A.,CR-IB-CITIBANK  N.A.-00,CITIDEPO,null,OR,10510,10678191530,243443130
C689677,FR0087,6.6,10000,22062021 10374400,PT. BANK MAYBANK INDONESIA  TBK,PT. BANK MAYBANK INDONESIA  TBK,CR-IB-PT. BANK MAYBANK INDONESIA  TBK-00,IBBKDEPO,null,OR,5255,5339095765,121721565
C689709,FR0087,6.6,250000,22062021 10401500,BRI DANAREKSA SEKURITAS,PT. BANK MANDIRI (PERSERO)  TBK,CR-IS-BANK MANDIRI SUB REGISTRY - INVESTOR-BPJS TK - JHT,BMRIINVT-DEPO,null,OR,131370,133472314110,3042923310
C689713,FR0087,6.6,200000,22062021 10402400,PT. BANK MAYBANK INDONESIA  TBK,PT. BANK MAYBANK INDONESIA  TBK,CR-IB-PT. BANK MAYBANK INDONESIA  TBK-00,IBBKDEPO,null,OR,105096,106777851288,2434338648
C689742,FR0087,6.6,250000,22062021 10441500,PT. BANK RAKYAT INDONESIA (PERSE,PT. BANK RAKYAT INDONESIA (PERSE,CR-IB-PT. BANK RAKYAT INDONESIA (PERSERO)  TBK-00,BRINDEPO,null,OR,131370,133472314110,3042923310
C689752,FR0087,6.6,1000,22062021 10455700,PT. BANK PERMATA  TBK,PT. BANK PERMATA  TBK,CR-IB-PT. BANK PERMATA  TBK-00,BBBADEPO,null,OR,525,533401575,12160575
C689770,FR0087,6.6,250000,22062021 10490500,PT. MANDIRI SEKURITAS,PT. BANK MANDIRI (PERSERO)  TBK,CR-IS-BANK MANDIRI SUB REGISTRY - INVESTOR-BPJS TK,BMRIINVT-DEPO,null,OR,131370,133472314110,3042923310
C689777,FR0087,6.6,3000,22062021 10493400,PT. BANK MANDIRI (PERSERO)  TBK,PT. BANK MANDIRI (PERSERO)  TBK,CR-IB-PT. BANK MANDIRI (PERSERO)  TBK-00,BMRIDEPO,null,OR,1576,1601220728,36504888
C689779,FR0087,6.6,50000,22062021 10493900,STANDCHART BANK,STANDCHART BANK,CR-IB-STANDCHART BANK-00,SCBLDEPO,null,OR,26273,26693446819,608561499
C689797,FR0087,6.6,4000,22062021 10513000,PT. MANDIRI SEKURITAS,STANDCHART BANK,CR-SC-STANDCHART BANK SUB-REGISTRY - INVESTOR-mandiri sekuri,SCBLINVT-DEPO,null,OR,2101,2134622303,48665463
C689817,FR0087,6.6,250000,22062021 10571400,PT. BANK RAKYAT INDONESIA (PERSE,PT. BANK RAKYAT INDONESIA (PERSE,CR-IS-KUSTODIAN PT. BRI(PERSERO) TBK - INVESTOR-BPJS TK JP,BRININVT-DEPO,null,OR,131369,133471298107,3042900147
C689826,FR0087,6.6,100000,22062021 10585900,PT. BANK RAKYAT INDONESIA (PERSE,PT. BANK RAKYAT INDONESIA (PERSE,CR-IB-KUSTODIAN PT. BRI(PERSERO) TBK - INVESTOR-ASABRI,BRININVT-DEPO,null,OR,52547,53387909641,1217146161
C689065,FR0087,6.61,10000,22062021 09402700,BRI DANAREKSA SEKURITAS,PT BANK CIMB NIAGA TBK,CR-SC-CUSTODIAN SERVICES BANKNIAGA - INVESTOR-Danareksa Seku,BNIAINVT-DEPO,null,OR,0,0,0
C689135,FR0087,6.61,25000,22062021 09562200,PT. TRIMEGAH SEKURITAS INDONESIA,PT. BANK MANDIRI (PERSERO)  TBK,CR-SC-BANK MANDIRI SUB REGISTRY - INVESTOR-Trimegah,BMRIINVT-DEPO,null,OR,0,0,0
C689216,FR0087,6.61,50000,22062021 10075800,PT. BANK PERMATA  TBK,PT. BANK PERMATA  TBK,CR-IB-PT. BANK PERMATA  TBK-00,BBBADEPO,null,OR,0,0,0
C689225,FR0087,6.61,2000,22062021 10084800,PT. TRIMEGAH SEKURITAS INDONESIA,PT. BANK MANDIRI (PERSERO)  TBK,CR-SC-BANK MANDIRI SUB REGISTRY - INVESTOR-Trimegah,BMRIINVT-DEPO,null,OR,0,0,0
C689238,FR0087,6.61,30000,22062021 10102000,PT. BANK MAYBANK INDONESIA  TBK,PT. BANK MAYBANK INDONESIA  TBK,CR-IB-PT. BANK MAYBANK INDONESIA  TBK-00,IBBKDEPO,null,OR,0,0,0
C689248,FR0087,6.61,100000,22062021 10111500,PT. BANK NEGARA INDONESIA (PERSE,PT. BANK NEGARA INDONESIA (PERSE,CR-IB-PT. BANK NEGARA INDONESIA (PERSERO)  TBK-00,BNINDEPO,null,OR,0,0,0
C689330,FR0087,6.61,10000,22062021 10174300,PT. BANK RAKYAT INDONESIA (PERSE,PT. BANK RAKYAT INDONESIA (PERSE,CR-IB-PT. BANK RAKYAT INDONESIA (PERSERO)  TBK-BANK DKI,BRINDEPO,null,OR,0,0,0
C689515,FR0087,6.6,30000,22062021 10302300,PT. BANK ANZ INDONESIA,PT. BANK ANZ INDONESIA,CR-IB-PT. BANK ANZ INDONESIA-00,ANZBDEPO,null,OR,15764,16016271292,365141532
C689363,FR0087,6.61,55000,22062021 10200500,PT. BANK MANDIRI (PERSERO)  TBK,PT. BANK MANDIRI (PERSERO)  TBK,CR-IB-PT. BANK MANDIRI (PERSERO)  TBK-00,BMRIDEPO,null,OR,0,0,0
C689390,FR0087,6.61,20000,22062021 10223700,PT BANK OCBC NISP  TBK,PT BANK OCBC NISP  TBK,CR-IB-PT BANK OCBC NISP  TBK-00,NISPDEPO,null,OR,0,0,0
C689401,FR0087,6.61,50000,22062021 10235000,PT BANK OCBC NISP  TBK,PT BANK OCBC NISP  TBK,CR-IB-PT BANK OCBC NISP  TBK-00,NISPDEPO,null,OR,0,0,0
C689414,FR0087,6.61,100000,22062021 10245000,KC JPMORGAN CHASE BANK  N.A.,KC JPMORGAN CHASE BANK  N.A.,CR-IB-KC JPMORGAN CHASE BANK N.A.-00,CHASDEPO,null,OR,0,0,0
C689424,FR0087,6.61,50000,22062021 10253900,PT. BANK RAKYAT INDONESIA (PERSE,PT. BANK RAKYAT INDONESIA (PERSE,CR-IB-PT. BANK RAKYAT INDONESIA (PERSERO)  TBK-00,BRINDEPO,null,OR,0,0,0
C689494,FR0087,6.61,30000,22062021 10292100,PT. BANK ANZ INDONESIA,PT. BANK ANZ INDONESIA,CR-IB-PT. BANK ANZ INDONESIA-00,ANZBDEPO,null,OR,0,0,0
C689516,FR0087,6.61,100000,22062021 10302500,STANDCHART BANK,STANDCHART BANK,CR-IB-STANDCHART BANK-00,SCBLDEPO,null,OR,0,0,0
C689520,FR0087,6.61,30000,22062021 10304900,PT. BANK PERMATA  TBK,PT. BANK PERMATA  TBK,CR-IB-PT. BANK PERMATA  TBK-00,BBBADEPO,null,OR,0,0,0
C689527,FR0087,6.61,2000,22062021 10311300,PT. BANK CENTRAL ASIA  TBK,PT. BANK CENTRAL ASIA  TBK,CR-IS-PT. BANK CENTRAL ASIA TBK-ARAKSA,CENADEPO,null,OR,0,0,0
C689554,FR0087,6.61,25000,22062021 10323800,PT. TRIMEGAH SEKURITAS INDONESIA,PT. BANK MANDIRI (PERSERO)  TBK,CR-SC-BANK MANDIRI SUB REGISTRY - INVESTOR-trimegah,BMRIINVT-DEPO,null,OR,0,0,0
C689591,FR0087,6.61,20000,22062021 10340700,PT. MANDIRI SEKURITAS,PT. BANK MANDIRI (PERSERO)  TBK,CR-SC-BANK MANDIRI SUB REGISTRY - INVESTOR-Mandiri Sekuritas,BMRIINVT-DEPO,null,OR,0,0,0
C689604,FR0087,6.61,30000,22062021 10342600,PT BANK OCBC NISP  TBK,PT BANK OCBC NISP  TBK,CR-IB-PT BANK OCBC NISP  TBK-00,NISPDEPO,null,OR,0,0,0
C689626,FR0087,6.61,30000,22062021 10351600,PT. BANK RAKYAT INDONESIA (PERSE,PT. BANK RAKYAT INDONESIA (PERSE,CR-SC-PT. BANK RAKYAT INDONESIA (PERSERO)  TBK-DANAREKSA SEK,BRINDEPO,null,OR,0,0,0
C689643,FR0087,6.61,100000,22062021 10355600,PT. BANK PERMATA  TBK,PT. BANK PERMATA  TBK,CR-IB-PT. BANK PERMATA  TBK-00,BBBADEPO,null,OR,0,0,0
C689647,FR0087,6.61,25000,22062021 10360900,PT. BANK RAKYAT INDONESIA (PERSE,PT. BANK MANDIRI (PERSERO)  TBK,CR-IS-BANK MANDIRI SUB REGISTRY - INVESTOR-TASPEN LIFE,BMRIINVT-DEPO,null,OR,0,0,0
C689790,FR0087,6.62,100000,22062021 10510100,PT. BANK PERMATA  TBK,PT. BANK PERMATA  TBK,CR-IB-PT. BANK PERMATA  TBK-00,BBBADEPO,null,OR,0,0,0
C689798,FR0087,6.62,150000,22062021 10513700,CITIBANK  N.A.,CITIBANK  N.A.,CR-IB-CITIBANK  N.A.-00,CITIDEPO,null,OR,0,0,0
C689122,FR0087,6.63,25000,22062021 09534500,PT. BANK RAKYAT INDONESIA (PERSE,PT. BANK RAKYAT INDONESIA (PERSE,CR-IB-PT. BANK RAKYAT INDONESIA (PERSERO)  TBK-BPD JAMBI,BRINDEPO,null,OR,0,0,0
C689228,FR0087,6.63,50000,22062021 10090400,PT. BANK PERMATA  TBK,PT. BANK PERMATA  TBK,CR-IB-PT. BANK PERMATA  TBK-00,BBBADEPO,null,OR,0,0,0
C689242,FR0087,6.63,2000,22062021 10104700,PT. TRIMEGAH SEKURITAS INDONESIA,PT. BANK MANDIRI (PERSERO)  TBK,CR-SC-BANK MANDIRI SUB REGISTRY - INVESTOR-Trimegah,BMRIINVT-DEPO,null,OR,0,0,0
C689265,FR0087,6.63,200000,22062021 10123300,PT. BANK NEGARA INDONESIA (PERSE,PT. BANK NEGARA INDONESIA (PERSE,CR-IB-PT. BANK NEGARA INDONESIA (PERSERO)  TBK-00,BNINDEPO,null,OR,0,0,0
C689274,FR0087,6.63,100000,22062021 10125300,PT. PAN INDONESIA BANK,PT. PAN INDONESIA BANK,CR-IB-PT. PAN INDONESIA BANK-00,PINBDEPO,null,OR,0,0,0
C689343,FR0087,6.63,10000,22062021 10182600,PT. BANK RAKYAT INDONESIA (PERSE,PT. BANK RAKYAT INDONESIA (PERSE,CR-IB-PT. BANK RAKYAT INDONESIA (PERSERO)  TBK-BANK DKI,BRINDEPO,null,OR,0,0,0
C689389,FR0087,6.63,5000,22062021 10223000,PT. TRIMEGAH SEKURITAS INDONESIA,PT. BANK MANDIRI (PERSERO)  TBK,CR-SC-BANK MANDIRI SUB REGISTRY - INVESTOR-Trimegah,BMRIINVT-DEPO,null,OR,0,0,0
C689393,FR0087,6.63,20000,22062021 10230100,PT BANK OCBC NISP  TBK,PT BANK OCBC NISP  TBK,CR-IB-PT BANK OCBC NISP  TBK-00,NISPDEPO,null,OR,0,0,0
C689403,FR0087,6.63,50000,22062021 10235900,PT. BANK NEGARA INDONESIA (PERSE,PT. BANK NEGARA INDONESIA (PERSE,CR-IB-PT. BANK NEGARA INDONESIA (PERSERO)  TBK-00,BNINDEPO,null,OR,0,0,0
C689418,FR0087,6.63,50000,22062021 10250600,PT BANK OCBC NISP  TBK,PT BANK OCBC NISP  TBK,CR-IB-PT BANK OCBC NISP  TBK-00,NISPDEPO,null,OR,0,0,0
C689428,FR0087,6.63,200000,22062021 10255000,KC JPMORGAN CHASE BANK  N.A.,KC JPMORGAN CHASE BANK  N.A.,CR-IB-KC JPMORGAN CHASE BANK N.A.-00,CHASDEPO,null,OR,0,0,0
C689450,FR0087,6.63,4000,22062021 10271000,PT. MANDIRI SEKURITAS,PT. BANK MANDIRI (PERSERO)  TBK,CR-SC-BANK MANDIRI SUB REGISTRY - INVESTOR-Mandiri Sekuritas,BMRIINVT-DEPO,null,OR,0,0,0
C689543,FR0087,6.63,1000,22062021 10321700,PT. BANK CENTRAL ASIA  TBK,PT. BANK CENTRAL ASIA  TBK,CR-IS-PT. BANK CENTRAL ASIA TBK-ARAKSA,CENADEPO,null,OR,0,0,0
C689223,FR0087,6.62,50000,22062021 10083100,PT. BANK PERMATA  TBK,PT. BANK PERMATA  TBK,CR-IB-PT. BANK PERMATA  TBK-00,BBBADEPO,null,OR,0,0,0
C689230,FR0087,6.62,50000,22062021 10092800,PT. BANK MAYBANK INDONESIA  TBK,PT. BANK MAYBANK INDONESIA  TBK,CR-IB-PT. BANK MAYBANK INDONESIA  TBK-00,IBBKDEPO,null,OR,0,0,0
C689232,FR0087,6.62,2000,22062021 10094500,PT. TRIMEGAH SEKURITAS INDONESIA,PT. BANK MANDIRI (PERSERO)  TBK,CR-SC-BANK MANDIRI SUB REGISTRY - INVESTOR-Trimegah,BMRIINVT-DEPO,null,OR,0,0,0
C689235,FR0087,6.62,50000,22062021 10100400,PT. BANK MAYBANK INDONESIA  TBK,PT. BANK MAYBANK INDONESIA  TBK,CR-IB-PT. BANK MAYBANK INDONESIA  TBK-00,IBBKDEPO,null,OR,0,0,0
C689259,FR0087,6.62,200000,22062021 10120900,PT. BANK NEGARA INDONESIA (PERSE,PT. BANK NEGARA INDONESIA (PERSE,CR-IB-PT. BANK NEGARA INDONESIA (PERSERO)  TBK-00,BNINDEPO,null,OR,0,0,0
C689282,FR0087,6.62,100000,22062021 10132200,PT. PAN INDONESIA BANK,PT. PAN INDONESIA BANK,CR-IB-PT. PAN INDONESIA BANK-00,PINBDEPO,null,OR,0,0,0
C689336,FR0087,6.62,10000,22062021 10180500,PT. BANK RAKYAT INDONESIA (PERSE,PT. BANK RAKYAT INDONESIA (PERSE,CR-IB-PT. BANK RAKYAT INDONESIA (PERSERO)  TBK-BANK DKI,BRINDEPO,null,OR,0,0,0
C689360,FR0087,6.62,30000,22062021 10194200,PT BANK OCBC NISP  TBK,PT BANK OCBC NISP  TBK,CR-IB-PT BANK OCBC NISP  TBK-00,NISPDEPO,null,OR,0,0,0
C689412,FR0087,6.62,50000,22062021 10244100,PT BANK OCBC NISP  TBK,PT BANK OCBC NISP  TBK,CR-IB-PT BANK OCBC NISP  TBK-00,NISPDEPO,null,OR,0,0,0
C689413,FR0087,6.62,50000,22062021 10244700,PT. BANK RAKYAT INDONESIA (PERSE,PT. BANK RAKYAT INDONESIA (PERSE,CR-IB-PT. BANK RAKYAT INDONESIA (PERSERO)  TBK-00,BRINDEPO,null,OR,0,0,0
C689421,FR0087,6.62,700000,22062021 10252200,KC JPMORGAN CHASE BANK  N.A.,KC JPMORGAN CHASE BANK  N.A.,CR-IB-KC JPMORGAN CHASE BANK N.A.-00,CHASDEPO,null,OR,0,0,0
C689517,FR0087,6.62,50000,22062021 10302700,PT. BANK NEGARA INDONESIA (PERSE,PT. BANK NEGARA INDONESIA (PERSE,CR-IB-PT. BANK NEGARA INDONESIA (PERSERO)  TBK-00,BNINDEPO,null,OR,0,0,0
C689531,FR0087,6.62,2000,22062021 10313500,PT. BANK CENTRAL ASIA  TBK,PT. BANK CENTRAL ASIA  TBK,CR-IS-PT. BANK CENTRAL ASIA TBK-ARAKSA,CENADEPO,null,OR,0,0,0
C689660,FR0087,6.62,100000,22062021 10364600,PT. BANK PERMATA  TBK,PT. BANK PERMATA  TBK,CR-IB-PT. BANK PERMATA  TBK-00,BBBADEPO,null,OR,0,0,0
C689683,FR0087,6.62,100000,22062021 10380600,CITIBANK  N.A.,CITIBANK  N.A.,CR-IB-CITIBANK  N.A.-00,CITIDEPO,null,OR,0,0,0
C689735,FR0087,6.62,7000,22062021 10430000,PT. TRIMEGAH SEKURITAS INDONESIA,PT. BANK MANDIRI (PERSERO)  TBK,CR-SC-BANK MANDIRI SUB REGISTRY - INVESTOR-trimegah,BMRIINVT-DEPO,null,OR,0,0,0
C689739,FR0087,6.62,20000,22062021 10434300,PT BANK OCBC NISP  TBK,PT BANK OCBC NISP  TBK,CR-IB-PT BANK OCBC NISP  TBK-00,NISPDEPO,null,OR,0,0,0
C689746,FR0087,6.62,200000,22062021 10451300,PT. BANK RAKYAT INDONESIA (PERSE,PT. BANK RAKYAT INDONESIA (PERSE,CR-IB-PT. BANK RAKYAT INDONESIA (PERSERO)  TBK-00,BRINDEPO,null,OR,0,0,0
C689747,FR0087,6.62,20000,22062021 10451600,PT BANK CIMB NIAGA TBK,PT BANK CIMB NIAGA TBK,CR-IB-PT BANK CIMB NIAGA TBK-00,BNIADEPO,null,OR,0,0,0
C689751,FR0087,6.62,5000,22062021 10455500,PT BANK CIMB NIAGA TBK,PT BANK CIMB NIAGA TBK,CR-IB-PT BANK CIMB NIAGA TBK-00,BNIADEPO,null,OR,0,0,0
C689755,FR0087,6.62,1000,22062021 10462800,PT. BANK PERMATA  TBK,PT. BANK PERMATA  TBK,CR-IB-PT. BANK PERMATA  TBK-00,BBBADEPO,null,OR,0,0,0
C689674,FR0087,6.63,20000,22062021 10373000,PT BANK CIMB NIAGA TBK,PT BANK CIMB NIAGA TBK,CR-IB-PT BANK CIMB NIAGA TBK-00,BNIADEPO,null,OR,0,0,0
C689731,FR0087,6.63,7000,22062021 10422600,PT. TRIMEGAH SEKURITAS INDONESIA,PT. BANK MANDIRI (PERSERO)  TBK,CR-SC-BANK MANDIRI SUB REGISTRY - INVESTOR-trimegah,BMRIINVT-DEPO,null,OR,0,0,0
C689364,FR0087,6.64,30000,22062021 10201000,PT BANK OCBC NISP  TBK,PT BANK OCBC NISP  TBK,CR-IB-PT BANK OCBC NISP  TBK-00,NISPDEPO,null,OR,0,0,0
C689404,FR0087,6.64,100000,22062021 10240000,PT. BANK RAKYAT INDONESIA (PERSE,PT. BANK RAKYAT INDONESIA (PERSE,CR-IB-PT. BANK RAKYAT INDONESIA (PERSERO)  TBK-00,BRINDEPO,null,OR,0,0,0
C689423,FR0087,6.64,50000,22062021 10253100,PT BANK OCBC NISP  TBK,PT BANK OCBC NISP  TBK,CR-IB-PT BANK OCBC NISP  TBK-00,NISPDEPO,null,OR,0,0,0
C689432,FR0087,6.64,200000,22062021 10261900,KC JPMORGAN CHASE BANK  N.A.,KC JPMORGAN CHASE BANK  N.A.,CR-IB-KC JPMORGAN CHASE BANK N.A.-00,CHASDEPO,null,OR,0,0,0
C689491,FR0087,6.64,1000,22062021 10291500,PT. BANK NEGARA INDONESIA (PERSE,PT. BANK NEGARA INDONESIA (PERSE,CR-IB-PT. BANK NEGARA INDONESIA (PERSERO)  TBK-00,BNINDEPO,null,OR,0,0,0
C689521,FR0087,6.64,30000,22062021 10305400,PT. BANK ANZ INDONESIA,PT. BANK ANZ INDONESIA,CR-IB-PT. BANK ANZ INDONESIA-00,ANZBDEPO,null,OR,0,0,0
C689535,FR0087,6.64,50000,22062021 10314600,PT. BANK PERMATA  TBK,PT. BANK PERMATA  TBK,CR-IB-PT. BANK PERMATA  TBK-00,BBBADEPO,null,OR,0,0,0
C689754,FR0087,6.64,50000,22062021 10462600,DEUTSCHE BANK  A.G.,DEUTSCHE BANK  A.G.,CR-IB-DEUTSCHE BANK  A.G.-00,DEUTDEPO,null,OR,0,0,0
C689827,FR0087,6.64,10000,22062021 10591900,PT. MANDIRI SEKURITAS,STANDCHART BANK,CR-SC-STANDCHART BANK SUB-REGISTRY - INVESTOR-mandiri sekuri,SCBLINVT-DEPO,null,OR,0,0,0
C689058,FR0087,6.65,10000,22062021 09384500,PT. BANK NEGARA INDONESIA (PERSE,PT. BANK NEGARA INDONESIA (PERSE,CR-IB-PT. BANK NEGARA INDONESIA (PERSERO)  TBK-00,BNINDEPO,null,OR,0,0,0
C689255,FR0087,6.65,200000,22062021 10115000,PT. PAN INDONESIA BANK,PT. PAN INDONESIA BANK,CR-IB-PT. PAN INDONESIA BANK-00,PINBDEPO,null,OR,0,0,0
C689575,FR0087,6.65,2000,22062021 10332800,PT. BANK CENTRAL ASIA  TBK,PT. BANK CENTRAL ASIA  TBK,CR-IS-PT. BANK CENTRAL ASIA TBK-ARAKSA,CENADEPO,null,OR,0,0,0
C689743,FR0087,6.66,20000,22062021 10443000,PT BANK OCBC NISP  TBK,PT BANK OCBC NISP  TBK,CR-IB-PT BANK OCBC NISP  TBK-00,NISPDEPO,null,OR,0,0,0
C689262,FR0087,6.67,5000,22062021 10122200,PT. TRIMEGAH SEKURITAS INDONESIA,PT. BANK MANDIRI (PERSERO)  TBK,CR-SC-BANK MANDIRI SUB REGISTRY - INVESTOR-Trimegah,BMRIINVT-DEPO,null,OR,0,0,0
C689681,FR0087,6.68,50000,22062021 10380200,PT. BANK MAYBANK INDONESIA  TBK,PT. BANK MAYBANK INDONESIA  TBK,CR-IB-PT. BANK MAYBANK INDONESIA  TBK-00,IBBKDEPO,null,OR,0,0,0
C689186,FR0087,6.7,10000,22062021 10055100,PT. BANK MAYBANK INDONESIA  TBK,PT. BANK MAYBANK INDONESIA  TBK,CR-IB-PT. BANK MAYBANK INDONESIA  TBK-00,IBBKDEPO,null,OR,0,0,0
C689028,FR0087,0,250000,22062021 09234900,PT. BANK PERMATA  TBK,PT. BANK PERMATA  TBK,CR-IB-PT. BANK PERMATA  TBK-00,BBBADEPO,null,OR,132021,134241857262,3058002423
C689053,FR0087,0,50000,22062021 09365100,PT. BANK NEGARA INDONESIA (PERSE,PT. BANK NEGARA INDONESIA (PERSE,CR-IB-PT. BANK NEGARA INDONESIA (PERSERO)  TBK-00,BNINDEPO,null,OR,26405,26849184910,611619015
C689060,FR0087,0,5000,22062021 09393700,BRI DANAREKSA SEKURITAS,PT BANK CIMB NIAGA TBK,CR-SC-CUSTODIAN SERVICES BANKNIAGA - INVESTOR-Danareksa Seku,BNIAINVT-DEPO,null,OR,2641,2685426902,61173483
C689069,FR0087,0,30000,22062021 09413600,PT. BANK NEGARA INDONESIA (PERSE,PT. BANK MANDIRI (PERSERO)  TBK,CR-PF-BANK MANDIRI SUB REGISTRY - INVESTOR-ASURANSI BRI LIFE,BMRIINVT-DEPO,null,OR,15842,16108494124,366948246
C689073,FR0087,0,20000,22062021 09422100,PT. BANK NEGARA INDONESIA (PERSE,PT. BANK MANDIRI (PERSERO)  TBK,CR-PF-BANK MANDIRI SUB REGISTRY - INVESTOR-ASURANSI BRI LIFE,BMRIINVT-DEPO,null,OR,10562,10739673964,244647606
C689076,FR0087,0,10000,22062021 09431500,PT. BANK NEGARA INDONESIA (PERSE,PT. BANK MANDIRI (PERSERO)  TBK,CR-PF-BANK MANDIRI SUB REGISTRY - INVESTOR-ASURANSI BRI LIFE,BMRIINVT-DEPO,null,OR,5281,5369836982,122323803
C689097,FR0087,0,100000,22062021 09465200,PT. BANK ANZ INDONESIA,PT. BANK ANZ INDONESIA,CR-IB-PT. BANK ANZ INDONESIA-00,ANZBDEPO,null,OR,52808,53696336176,1223191704
C689099,FR0087,0,20000,22062021 09472300,PT. BANK MANDIRI (PERSERO)  TBK,PT. BANK MANDIRI (PERSERO)  TBK,CR-IB-PT. BANK MANDIRI (PERSERO)  TBK-00,BMRIDEPO,null,OR,10562,10739673964,244647606
C689105,FR0087,0,30000,22062021 09492600,PT. BANK RAKYAT INDONESIA (PERSE,PT. BANK MANDIRI (PERSERO)  TBK,CR-IS-BANK MANDIRI SUB REGISTRY - INVESTOR-BRI LIFE,BMRIINVT-DEPO,null,OR,15842,16108494124,366948246
C689109,FR0087,0,30000,22062021 09502600,PT. BANK RAKYAT INDONESIA (PERSE,PT. BANK MANDIRI (PERSERO)  TBK,CR-IS-BANK MANDIRI SUB REGISTRY - INVESTOR-BRI LIFE,BMRIINVT-DEPO,null,OR,15842,16108494124,366948246
C689111,FR0087,0,30000,22062021 09504700,PT. BANK RAKYAT INDONESIA (PERSE,PT. BANK MANDIRI (PERSERO)  TBK,CR-IS-BANK MANDIRI SUB REGISTRY - INVESTOR-BRI LIFE,BMRIINVT-DEPO,null,OR,15842,16108494124,366948246
C689114,FR0087,0,30000,22062021 09515000,PT. BANK RAKYAT INDONESIA (PERSE,PT. BANK MANDIRI (PERSERO)  TBK,CR-IS-BANK MANDIRI SUB REGISTRY - INVESTOR-BRI LIFE,BMRIINVT-DEPO,null,OR,15842,16108494124,366948246
C689115,FR0087,0,30000,22062021 09520900,PT. BANK RAKYAT INDONESIA (PERSE,PT. BANK MANDIRI (PERSERO)  TBK,CR-IB-BANK MANDIRI SUB REGISTRY - INVESTOR-BRI LIFE,BMRIINVT-DEPO,null,OR,15842,16108494124,366948246
C689119,FR0087,0,30000,22062021 09525900,PT. BANK RAKYAT INDONESIA (PERSE,PT. BANK MANDIRI (PERSERO)  TBK,CR-IS-BANK MANDIRI SUB REGISTRY - INVESTOR-BRI LIFE,BMRIINVT-DEPO,null,OR,15842,16108494124,366948246
C689154,FR0087,0,650000,22062021 09591400,PT. BANK RAKYAT INDONESIA (PERSE,PT. BANK RAKYAT INDONESIA (PERSE,CR-IS-KUSTODIAN PT. BRI(PERSERO) TBK - INVESTOR-PII,BRININVT-DEPO,null,OR,343252,349026185144,7950746076
C689156,FR0087,0,30000,22062021 10000500,PT. BANK MANDIRI (PERSERO)  TBK,PT. BANK MANDIRI (PERSERO)  TBK,CR-IB-PT. BANK MANDIRI (PERSERO)  TBK-00,BMRIDEPO,null,OR,15842,16108494124,366948246
C689158,FR0087,0,30000,22062021 10005800,PT. BANK MANDIRI (PERSERO)  TBK,PT. BANK MANDIRI (PERSERO)  TBK,CR-IB-PT. BANK MANDIRI (PERSERO)  TBK-00,BMRIDEPO,null,OR,15842,16108494124,366948246
C689166,FR0087,0,10000,22062021 10025800,PT. BANK MANDIRI (PERSERO)  TBK,PT. BANK MANDIRI (PERSERO)  TBK,CR-IB-PT. BANK MANDIRI (PERSERO)  TBK-00,BMRIDEPO,null,OR,5281,5369836982,122323803
C689243,FR0087,0,4500000,22062021 10104900,BANK INDONESIA,BANK INDONESIA,CR-IB-BANK INDONESIA-00,INDODEPO,CB,OR,2376362,2416337161564,55043673006
C689280,FR0087,0,500000,22062021 10131500,PT. BANK NEGARA INDONESIA (PERSE,PT. BANK NEGARA INDONESIA (PERSE,CR-IB-PT. BANK NEGARA INDONESIA (PERSERO)  TBK-00,BNINDEPO,null,OR,264040,268481680880,6115958520
C689371,FR0087,0,30000,22062021 10204700,PT. BANK MANDIRI (PERSERO)  TBK,PT. BANK MANDIRI (PERSERO)  TBK,CR-IB-PT. BANK MANDIRI (PERSERO)  TBK-00,BMRIDEPO,null,OR,15842,16108494124,366948246
C689381,FR0087,0,30000,22062021 10214600,PT. BANK MANDIRI (PERSERO)  TBK,PT. BANK MANDIRI (PERSERO)  TBK,CR-IB-PT. BANK MANDIRI (PERSERO)  TBK-00,BMRIDEPO,null,OR,15842,16108494124,366948246
C689473,FR0087,0,60000,22062021 10282300,STANDCHART BANK,STANDCHART BANK,CR-IB-STANDCHART BANK-00,SCBLDEPO,null,OR,31685,32218005070,733919655
C689356,FR0087,6.64,30000,22062021 10192100,PT BANK OCBC NISP  TBK,PT BANK OCBC NISP  TBK,CR-IB-PT BANK OCBC NISP  TBK-00,NISPDEPO,null,OR,0,0,0
C689041,FR0087,6.65,10000,22062021 09322600,PT. MANDIRI SEKURITAS,PT. BANK MANDIRI (PERSERO)  TBK,CR-SC-BANK MANDIRI SUB REGISTRY - INVESTOR-Mandiri Sekuritas,BMRIINVT-DEPO,null,OR,0,0,0
C689529,FR0087,6.65,80000,22062021 10312000,PT. BANK ANZ INDONESIA,PT. BANK ANZ INDONESIA,CR-IB-PT. BANK ANZ INDONESIA-00,ANZBDEPO,null,OR,0,0,0
C689095,FR0087,6.67,100000,22062021 09463100,PT. BANK ANZ INDONESIA,PT. BANK ANZ INDONESIA,CR-IB-PT. BANK ANZ INDONESIA-00,ANZBDEPO,null,OR,0,0,0
C689558,FR0087,6.69,100000,22062021 10324200,PT. BANK PERMATA  TBK,PT. BANK PERMATA  TBK,CR-IB-PT. BANK PERMATA  TBK-00,BBBADEPO,null,OR,0,0,0
C689038,FR0087,0,25000,22062021 09313000,PT. MANDIRI SEKURITAS,PT. BANK MANDIRI (PERSERO)  TBK,CR-SC-BANK MANDIRI SUB REGISTRY - INVESTOR-Mandiri Sekuritas,BMRIINVT-DEPO,null,OR,13203,13425100866,305821089
C689098,FR0087,0,50000,22062021 09471600,PT. TRIMEGAH SEKURITAS INDONESIA,PT. BANK MANDIRI (PERSERO)  TBK,CR-SC-BANK MANDIRI SUB REGISTRY - INVESTOR-Trimegah,BMRIINVT-DEPO,null,OR,26404,26848168088,611595852
C689117,FR0087,0,30000,22062021 09523300,PT. BANK RAKYAT INDONESIA (PERSE,PT. BANK MANDIRI (PERSERO)  TBK,CR-IS-BANK MANDIRI SUB REGISTRY - INVESTOR-BRI LIFE,BMRIINVT-DEPO,null,OR,15842,16108494124,366948246
C689278,FR0087,0,50000,22062021 10130500,PT. MANDIRI SEKURITAS,PT. BANK MANDIRI (PERSERO)  TBK,CR-SC-BANK MANDIRI SUB REGISTRY - INVESTOR-Mandiri Sekuritas,BMRIINVT-DEPO,null,OR,26404,26848168088,611595852
C689483,FR0087,0,50000,22062021 10284800,PT. BANK DANAMON INDONESIA  TBK,PT. BANK DANAMON INDONESIA  TBK,CR-IB-PT. BANK DANAMON INDONESIA  TBK-00,BDINDEPO,null,OR,26404,26848168088,611595852
C689502,FR0087,0,100000,22062021 10293400,PT. BANK DANAMON INDONESIA  TBK,PT. BANK DANAMON INDONESIA  TBK,CR-IB-PT. BANK DANAMON INDONESIA  TBK-00,BDINDEPO,null,OR,52808,53696336176,1223191704
C689653,FR0087,0,20000,22062021 10362600,PT. TRIMEGAH SEKURITAS INDONESIA,PT. BANK MANDIRI (PERSERO)  TBK,CR-SC-BANK MANDIRI SUB REGISTRY - INVESTOR-Trimegah,BMRIINVT-DEPO,null,OR,10562,10739673964,244647606
C689666,FR0087,0,100000,22062021 10370100,PT. MANDIRI SEKURITAS,PT. BANK MANDIRI (PERSERO)  TBK,CR-SC-BANK MANDIRI SUB REGISTRY - INVESTOR-Mandiri Sekuritas,BMRIINVT-DEPO,null,OR,52808,53696336176,1223191704
C689712,FR0087,0,3000,22062021 10402200,PT. MANDIRI SEKURITAS,PT. BANK MANDIRI (PERSERO)  TBK,CR-SC-BANK MANDIRI SUB REGISTRY - INVESTOR-Mandiri Sekuritas,BMRIINVT-DEPO,null,OR,1584,1610646048,36690192
C689811,FR0087,0,50000,22062021 10543600,BRI DANAREKSA SEKURITAS,PT BANK CIMB NIAGA TBK,CN-SC-CUSTODIAN SERVICES BANKNIAGA - INVESTOR-Danareksa Seku,BNIAINVT-DEPO,null,OR,26404,26848168088,611595852
C689430,FR0087,0,50000,22062021 10260200,PT. BANK RAKYAT INDONESIA (PERSE,PT. BANK RAKYAT INDONESIA (PERSE,CR-IB-PT. BANK RAKYAT INDONESIA (PERSERO)  TBK-00,BRINDEPO,null,OR,26404,26848168088,611595852
C689441,FR0087,0,100000,22062021 10264200,PT. BANK DANAMON INDONESIA  TBK,PT. BANK DANAMON INDONESIA  TBK,CR-IB-PT. BANK DANAMON INDONESIA  TBK-00,BDINDEPO,null,OR,52808,53696336176,1223191704
C689063,FR0087,6.64,50000,22062021 09401800,PT BANK OCBC NISP  TBK,PT BANK OCBC NISP  TBK,CR-IB-PT BANK OCBC NISP  TBK-00,NISPDEPO,null,OR,0,0,0
C689089,FR0087,6.64,5000,22062021 09451300,PT. BANK CENTRAL ASIA  TBK,PT. BANK CENTRAL ASIA  TBK,CR-IB-PT. BANK CENTRAL ASIA TBK-NOBU,CENADEPO,null,OR,0,0,0
C689093,FR0087,6.64,130000,22062021 09460500,PT. BANK ANZ INDONESIA,PT. BANK ANZ INDONESIA,CR-IB-PT. BANK ANZ INDONESIA-00,ANZBDEPO,null,OR,0,0,0
C689231,FR0087,6.64,50000,22062021 10094100,PT. BANK PERMATA  TBK,PT. BANK PERMATA  TBK,CR-IB-PT. BANK PERMATA  TBK-00,BBBADEPO,null,OR,0,0,0
C689263,FR0087,6.64,150000,22062021 10122200,PT. PAN INDONESIA BANK,PT. PAN INDONESIA BANK,CR-IB-PT. PAN INDONESIA BANK-00,PINBDEPO,null,OR,0,0,0
C689275,FR0087,6.64,200000,22062021 10125600,PT. BANK NEGARA INDONESIA (PERSE,PT. BANK NEGARA INDONESIA (PERSE,CR-IB-PT. BANK NEGARA INDONESIA (PERSERO)  TBK-00,BNINDEPO,null,OR,0,0,0
C689519,FR0087,6.64,100000,22062021 10304000,STANDCHART BANK,STANDCHART BANK,CR-IB-STANDCHART BANK-00,SCBLDEPO,null,OR,0,0,0
C689526,FR0087,6.64,100000,22062021 10311200,PT. BANK MANDIRI (PERSERO)  TBK,PT. BANK MANDIRI (PERSERO)  TBK,CR-IB-PT. BANK MANDIRI (PERSERO)  TBK-00,BMRIDEPO,null,OR,0,0,0
C689559,FR0087,6.64,2000,22062021 10324500,PT. BANK CENTRAL ASIA  TBK,PT. BANK CENTRAL ASIA  TBK,CR-IS-PT. BANK CENTRAL ASIA TBK-ARAKSA,CENADEPO,null,OR,0,0,0
C689726,FR0087,6.64,7000,22062021 10414700,PT. TRIMEGAH SEKURITAS INDONESIA,PT. BANK MANDIRI (PERSERO)  TBK,CR-SC-BANK MANDIRI SUB REGISTRY - INVESTOR-trimegah,BMRIINVT-DEPO,null,OR,0,0,0
C689741,FR0087,6.64,20000,22062021 10440500,PT BANK OCBC NISP  TBK,PT BANK OCBC NISP  TBK,CR-IB-PT BANK OCBC NISP  TBK-00,NISPDEPO,null,OR,0,0,0
C689771,FR0087,6.64,29800,22062021 10490700,PT. BANK MANDIRI (PERSERO)  TBK,PT. BANK MANDIRI (PERSERO)  TBK,CR-IB-PT. BANK MANDIRI (PERSERO)  TBK-00,BMRIDEPO,null,OR,0,0,0
C689775,FR0087,6.64,75000,22062021 10492500,PT. BANK PERMATA  TBK,PT. BANK PERMATA  TBK,CR-IB-PT. BANK PERMATA  TBK-00,BBBADEPO,null,OR,0,0,0
C689092,FR0087,6.65,5000,22062021 09453300,PT. BANK CENTRAL ASIA  TBK,PT. BANK CENTRAL ASIA  TBK,CR-IB-PT. BANK CENTRAL ASIA TBK-NOBU,CENADEPO,null,OR,0,0,0
C689125,FR0087,6.65,25000,22062021 09540700,PT. BANK RAKYAT INDONESIA (PERSE,PT. BANK RAKYAT INDONESIA (PERSE,CR-IB-PT. BANK RAKYAT INDONESIA (PERSERO)  TBK-BPD JAMBI,BRINDEPO,null,OR,0,0,0
C689244,FR0087,6.65,100000,22062021 10105100,PT. BANK MAYBANK INDONESIA  TBK,PT. BANK MAYBANK INDONESIA  TBK,CR-IB-PT. BANK MAYBANK INDONESIA  TBK-00,IBBKDEPO,null,OR,0,0,0
C689252,FR0087,6.65,5000,22062021 10113500,PT. TRIMEGAH SEKURITAS INDONESIA,PT. BANK MANDIRI (PERSERO)  TBK,CR-SC-BANK MANDIRI SUB REGISTRY - INVESTOR-Trimegah,BMRIINVT-DEPO,null,OR,0,0,0
C689619,FR0087,6.65,100000,22062021 10345500,PT BANK OCBC NISP  TBK,PT BANK OCBC NISP  TBK,CR-IB-PT BANK OCBC NISP  TBK-00,NISPDEPO,null,OR,0,0,0
C689695,FR0087,6.65,5000,22062021 10391300,PT BANK CIMB NIAGA TBK,PT BANK CIMB NIAGA TBK,CR-IB-PT BANK CIMB NIAGA TBK-00,BNIADEPO,null,OR,0,0,0
C689721,FR0087,6.65,7000,22062021 10411100,PT. TRIMEGAH SEKURITAS INDONESIA,PT. BANK MANDIRI (PERSERO)  TBK,CR-SC-BANK MANDIRI SUB REGISTRY - INVESTOR-trimegah,BMRIINVT-DEPO,null,OR,0,0,0
C689780,FR0087,6.65,75000,22062021 10495300,PT. BANK PERMATA  TBK,PT. BANK PERMATA  TBK,CR-IB-PT. BANK PERMATA  TBK-00,BBBADEPO,null,OR,0,0,0
C689765,FR0087,6.63,35300,22062021 10481700,PT. BANK PERMATA  TBK,PT. BANK PERMATA  TBK,CR-IB-PT. BANK PERMATA  TBK-00,BBBADEPO,null,OR,0,0,0
C689769,FR0087,6.63,50000,22062021 10484600,PT. BANK PERMATA  TBK,PT. BANK PERMATA  TBK,CR-IB-PT. BANK PERMATA  TBK-00,BBBADEPO,null,OR,0,0,0
C689522,FR0087,6.67,100000,22062021 10305400,STANDCHART BANK,STANDCHART BANK,CR-IB-STANDCHART BANK-00,SCBLDEPO,null,OR,0,0,0
C689536,FR0087,6.67,10000,22062021 10314800,PT. BANK ANZ INDONESIA,PT. BANK ANZ INDONESIA,CR-IB-PT. BANK ANZ INDONESIA-00,ANZBDEPO,null,OR,0,0,0
C689630,FR0087,6.67,100000,22062021 10352400,PT BANK OCBC NISP  TBK,PT BANK OCBC NISP  TBK,CR-IB-PT BANK OCBC NISP  TBK-00,NISPDEPO,null,OR,0,0,0
C689685,FR0087,6.67,40000,22062021 10381900,PT. BANK MAYBANK INDONESIA  TBK,PT. BANK MAYBANK INDONESIA  TBK,CR-IB-PT. BANK MAYBANK INDONESIA  TBK-00,IBBKDEPO,null,OR,0,0,0
C689469,FR0087,6.7,10000,22062021 10280500,PT. BANK RAKYAT INDONESIA (PERSE,PT. BANK RAKYAT INDONESIA (PERSE,CR-IB-PT. BANK RAKYAT INDONESIA (PERSERO)  TBK-BANK GANESHA,BRINDEPO,null,OR,0,0,0
C689043,FR0087,6.75,10000,22062021 09325200,PT. MANDIRI SEKURITAS,PT. BANK MANDIRI (PERSERO)  TBK,CR-SC-BANK MANDIRI SUB REGISTRY - INVESTOR-Mandiri Sekuritas,BMRIINVT-DEPO,null,OR,0,0,0
C689190,FR0087,6.75,1000000,22062021 10055900,PT BANK HSBC INDONESIA,PT BANK HSBC INDONESIA,CR-IB-PT BANK HSBC INDONESIA-00,HSBCDEPO,null,OR,0,0,0
C689015,FR0087,0,25000,22062021 09120400,BRI DANAREKSA SEKURITAS,PT BANK CIMB NIAGA TBK,CR-SC-CUSTODIAN SERVICES BANKNIAGA - INVESTOR-Danareksa Seku,BNIAINVT-DEPO,null,OR,13203,13425100866,305821089
C689663,FR0087,6.61,60000,22062021 10365200,PT. BANK CENTRAL ASIA  TBK,PT. BANK CENTRAL ASIA  TBK,CR-SC-PT. BANK CENTRAL ASIA TBK-PACIFIC SEKU,CENADEPO,null,OR,0,0,0
C689716,FR0087,6.61,250000,22062021 10404800,BRI DANAREKSA SEKURITAS,PT. BANK MANDIRI (PERSERO)  TBK,CR-IS-BANK MANDIRI SUB REGISTRY - INVESTOR-BPJS TK - JHT,BMRIINVT-DEPO,null,OR,0,0,0
C689723,FR0087,6.61,25000,22062021 10413100,PT BANK OCBC NISP  TBK,PT BANK OCBC NISP  TBK,CR-IB-PT BANK OCBC NISP  TBK-00,NISPDEPO,null,OR,0,0,0
C689745,FR0087,6.61,200000,22062021 10444900,PT. BANK RAKYAT INDONESIA (PERSE,PT. BANK RAKYAT INDONESIA (PERSE,CR-IB-PT. BANK RAKYAT INDONESIA (PERSERO)  TBK-00,BRINDEPO,null,OR,0,0,0
C689748,FR0087,6.61,20000,22062021 10452200,PT. BANK PERMATA  TBK,PT. BANK PERMATA  TBK,CR-IB-PT. BANK PERMATA  TBK-00,BBBADEPO,null,OR,0,0,0
C689776,FR0087,6.61,250000,22062021 10493400,PT. MANDIRI SEKURITAS,PT. BANK MANDIRI (PERSERO)  TBK,CR-IS-BANK MANDIRI SUB REGISTRY - INVESTOR-BPJS TK,BMRIINVT-DEPO,null,OR,0,0,0
C689818,FR0087,6.61,250000,22062021 10574100,PT. BANK RAKYAT INDONESIA (PERSE,PT. BANK RAKYAT INDONESIA (PERSE,CR-IS-KUSTODIAN PT. BRI(PERSERO) TBK - INVESTOR-BPJS TK JP,BRININVT-DEPO,null,OR,0,0,0
C689828,FR0087,6.61,100000,22062021 10593600,PT. BANK RAKYAT INDONESIA (PERSE,PT. BANK RAKYAT INDONESIA (PERSE,CR-IB-KUSTODIAN PT. BRI(PERSERO) TBK - INVESTOR-ASABRI,BRININVT-DEPO,null,OR,0,0,0
C689090,FR0087,6.62,80000,22062021 09452100,PT. BANK ANZ INDONESIA,PT. BANK ANZ INDONESIA,CR-IB-PT. BANK ANZ INDONESIA-00,ANZBDEPO,null,OR,0,0,0
C689141,FR0087,6.62,903000,22062021 09565100,PT. BANK RAKYAT INDONESIA (PERSE,PT. BANK RAKYAT INDONESIA (PERSE,CR-IB-PT. BANK RAKYAT INDONESIA (PERSERO)  TBK-BOA,BRINDEPO,null,OR,0,0,0
C689654,FR0087,6.61,20000,22062021 10362800,PT BANK CIMB NIAGA TBK,PT BANK CIMB NIAGA TBK,CR-IB-PT BANK CIMB NIAGA TBK-00,BNIADEPO,null,OR,0,0,0
